Workbook

Sheet TOP SHEET
A1: PRODUCTION BUDGET — TOP SHEET
A2: Category | B2: Account(s) | C2: Total
A3: ABOVE THE LINE
A4: 1100-1200 – Development + Story & Rights | C4: =SUM('1100 – Development'!H:H,'1200 – Story & Rights'!H:H)
A5: 1400 – Producers Unit | C5: =SUM('1400 – Producers Unit'!H:H)
A6: 1500 – Directors Unit | C6: =SUM('1500 – Directors Unit'!H:H)
A7: 1600 – Talent (Cast) | C7: =SUM('1600 – Talent (Cast)'!H:H)
A8: TOTAL ABOVE THE LINE | C8: =SUM(C4:C7)
A10: BELOW THE LINE
A11: 2100 – Production Staff | C11: =SUM('2100 – Production Staff'!H:H)
A12: 2200-2400 – Art Direction + Set Construction + Set Decoration | C12: =SUM('2200 – Art Direction'!H:H,'2300 – Set Construction'!H:H,'2400 – Set Decoration'!H:H)
A13: 2500 – Props | C13: =SUM('2500 – Props'!H:H)
A14: 2600 – Camera | C14: =SUM('2600 – Camera'!H:H)
A15: 2700 – Electric | C15: =SUM('2700 – Electric'!H:H)
A16: 2800 – Grip | C16: =SUM('2800 – Grip'!H:H)
A17: 2900 – Production Sound | C17: =SUM('2900 – Production Sound'!H:H)
A18: 2950 – Stunts & Safety | C18: =SUM('2950 – Stunts & Safety'!H:H)
A19: 3000-3100 – Mechanical FX + Special VFX | C19: =SUM('3000 – Mechanical FX'!H:H,'3100 – Special VFX'!H:H)
A20: 3200 – Set Operations | C20: =SUM('3200 – Set Operations'!H:H)
A21: 3300 – Wardrobe | C21: =SUM('3300 – Wardrobe'!H:H)
A22: 3400 – Makeup & Hair | C22: =SUM('3400 – Makeup & Hair'!H:H)
A23: 3500 – Locations | C23: =SUM('3500 – Locations'!H:H)
A24: 3600 – Transportation | C24: =SUM('3600 – Transportation'!H:H)
A25: 3800-3900 – Studio Facilities + Atmosphere | C25: =SUM('3800 – Studio Facilities'!H:H,'3900 – Atmosphere'!H:H)
A26: TOTAL BELOW THE LINE | C26: =SUM(C11:C25)
A28: POST PRODUCTION
A29: 5100-5700 – Post Production (Editing, Lab, Sound, Music, Titles, Opticals) | C29: =SUM('5100 – Editing'!H:H,'5200 – Post Film & Lab'!H:H,'5300 – Post Sound'!H:H,'5400 – Music'!H:H,'5500 – Titles'!H:H,'5600 – Opticals & Post VFX'!H:H,'5700 – Post Video'!H:H)
A30: TOTAL POST PRODUCTION | C30: =SUM(C29)
A32: OTHER
A33: 6100 – Insurance | C33: =SUM('6100 – Insurance'!H:H)
A34: 6200 – Legal | C34: =SUM('6200 – Legal'!H:H)
A35: 6300 – Publicity | C35: =SUM('6300 – Publicity'!H:H)
A36: 6400 – Contingency (10%) | C36: =(C8+C26+C30)*0.10
A37: GRAND TOTAL | C37: =C8+C26+C30+C33+C34+C35+C36

Sheet SCENE BREAKDOWN
A1: Scene # | B1: Scene Heading | C1: Int/Ext | D1: Day/Night | E1: Page Count | F1: Script Day | G1: Cast | H1: Extras / Background | I1: Props | J1: Practical FX | K1: Wardrobe | L1: Animals | M1: Vehicles / Picture Cars | N1: Special Makeup | O1: Special Camera | P1: Stunts | Q1: VFX | R1: Location Type | S1: Shooting Day | T1: Est. Shoot Hours | U1: Notes / Flags | V1: Script Page
A2: 1 | B2: FULL SCREEN PHOTOGRAPH | C2: INT | D2: DAY | E2: 1/8 | F2: Day 1 | G2: CURLY | I2: Surveillance photographs — grainy intimate images of man and woman | K2: Period 1930s. No cast on screen — photographs only. | R2: Stage | S2: [SCHEDULE] | T2: [SCHEDULE] | U2: Period setting — all props must be era-appropriate | V2: 1
A3: 2 | B3: INT. GITTES' OFFICE | C3: INT | D3: DAY | E3: 6/8 | F3: Day 1 | G3: GITTES CURLY | I3: Surveillance photographs — handled and dropped on desk by Curly Desk — practical surface, shiny finish Ceiling fan — practical overhead Cigarette — lit and smoked by Gittes Lighter with nail — hero prop used by Gittes to light cigarette Wastebasket — kicked by Curly Venetian blinds — bitten/damaged by Curly Shot glass — handled and drained by Curly Bourbon bottle (cheaper) — pulled from desk, poured by Gittes Several whiskey bottles — visible on desk Handkerchief — used by Gittes to wipe desk Signed photos of movie stars — on wall, sent askew by Curly | K3: Period 1930s. Gittes: white linen suit. Curly: workman's clothes, heavily sweat-stained. | N3: Curly — heavy sweating effect required, continuity across takes | P3: Curly rams fist into wall — physical impact stunt, dent continuity required Curly kicks wastebasket Curly bites Venetian blinds | R3: Stage | S3: [SCHEDULE] | T3: [SCHEDULE] | U3: Curly physically strikes wall — stunt coordinator required Breakaway/dentable wall section required for Curly fist impact Weeping/crying scene — continuity makeup required for Curly Period setting — all props, wardrobe, set dressing must be 1930s era Glass shatters (heard from adjacent office) — practical SFX or Foley | V3: 2
A4: 3 | B4: INT. DUFFY & WALSH'S OFFICE | C4: INT | D4: DAY | E4: 1/8 | F4: Day 1 | G4: WALSH MRS. MULWRAY (imposter) | I4: Pillbox hat with veil — worn and fiddled with by Woman | K4: Period 1930s. Woman: well-groomed, pillbox hat with veil. | R4: Stage | S4: [SCHEDULE] | T4: [SCHEDULE] | U4: Period setting — wardrobe and set dressing must be 1930s era | V4: 3
A5: 4 | B5: INT. GITTES' OFFICE – GITTES & CURLY | C5: INT | D5: DAY | E5: 2/8 | F5: Day 1 | G5: GITTES CURLY | I5: Handkerchief — used by Gittes Surveillance photographs — pounded on desk by Gittes | K5: Period 1930s. Continuity from Scene 2. | N5: Curly — continued weeping/crying continuity makeup | R5: Stage | S5: [SCHEDULE] | T5: [SCHEDULE] | U5: Curly weeping — continuity makeup required Period setting | V5: 3
A6: 5 | B6: INT. OFFICE RECEPTION | C6: INT | D6: DAY | E6: 2/8 | F6: Day 1 | G6: GITTES CURLY SOPHIE | I6: Office door with pebbled glass — lettered 'J. J. GITTES and Associates. DISCREET INVESTIGATION' | K6: Period 1930s. Continuity. | R6: Stage | S6: [SCHEDULE] | T6: [SCHEDULE] | U6: Period signage on pebbled glass door — Art Dept lettering required Period setting | V6: 4
A7: 6 | B7: INT. DUFFY AND WALSH'S OFFICE | C7: INT | D7: DAY | E7: 3/8 | F7: Day 1 | G7: GITTES WALSH DUFFY MRS. MULWRAY (imposter) | I7: Pillbox hat with veil — worn by Woman Chewing gum — chewed by Duffy | K7: Period 1930s. Mrs. Mulwray: well-groomed dress, handbag, shoes detailed by Gittes. | R7: Stage | S7: [SCHEDULE] | T7: [SCHEDULE] | U7: Period setting — wardrobe detailing noted in script (dress, handbag, shoes) | V7: 5
A8: 7 | B8: EXT. CITY HALL – MORNING | C8: EXT | D8: DAY | E8: 1/8 | F8: Day 1 | G8: GITTES | H8: 1 — A drunk at the fountain at the foot of the City Hall steps. | K8: Period 1930s. Gittes: impeccably dressed. Drunk: period wardrobe. | R8: Practical | S8: [SCHEDULE] | T8: [SCHEDULE] | U8: EXT public space — location permit required Period setting — all wardrobe and dressing era-appropriate Practical fountain required on location | V8: 7
A9: 8 | B9: INT. COUNCIL CHAMBERS | C9: INT | D9: DAY | E9: 2/8 | F9: Day 1 | G9: GITTES SAM BAGBY | H9: 10 — Councilmen seated in chambers, reading newspapers/gossip columns during Bagby's speech. | I9: Large map with overleafs — 'PROPOSED ALTO VALLEJO DAM AND RESERVOIR' bold lettering, hero display piece Newspapers / funny papers — handled and read by councilmen background Gossip columns / newspapers — handled by councilmen background | K9: Period 1930s. Bagby and councilmen in period suits. Gittes: period suit continuity. | R9: Practical | S9: [SCHEDULE] | T9: [SCHEDULE] | U9: Period setting — all wardrobe, props, set dressing 1930s era Hero map prop requires Art Dept construction/graphic design Background extras (councilmen) required — approx 10 | V9: 7

Sheet 1100 – Development
A1: Account No | B1: Description | C1: Amount | D1: Unit Type | E1: Rate | F1: Subtotal | G1: Fringe % | H1: Total | I1: Vendor | J1: Vendor URL | K1: Script Page | L1: Script Quote | M1: Notes | N1: Confidence | O1: Populated By
A2: 1100.01 | B2: Story option / rights acquisition | C2: [DEAL] | O2: DEAL
A3: 1100.02 | B3: Screenplay development fee | C3: [DEAL] | O3: DEAL
A4: 1100.03 | B4: Development legal | C4: [DEAL] | O4: DEAL
A5: 1100.04 | B5: Development overhead | C5: [DEAL] | O5: DEAL

Sheet 1200 – Story & Rights
A1: Account No | B1: Description | C1: Amount | D1: Unit Type | E1: Rate | F1: Subtotal | G1: Fringe % | H1: Total | I1: Vendor | J1: Vendor URL | K1: Script Page | L1: Script Quote | M1: Notes | N1: Confidence | O1: Populated By
A2: 1200.01 | B2: Story rights purchase | C2: [DEAL] | O2: DEAL
A3: 1200.02 | B3: Writer fee | C3: [DEAL] | O3: DEAL
A4: 1200.03 | B4: Continuity / breakdown | C4: [DEAL] | O4: DEAL
A5: 1200.04 | B5: Script duplication | C5: [DEAL] | O5: DEAL

Sheet 1400 – Producers Unit
A1: Account No | B1: Description | C1: Amount | D1: Unit Type | E1: Rate | F1: Subtotal | G1: Fringe % | H1: Total | I1: Vendor | J1: Vendor URL | K1: Script Page | L1: Script Quote | M1: Notes | N1: Confidence | O1: Populated By
A2: 1400.01 | B2: Executive Producer fee | C2: [DEAL] | O2: DEAL
A3: 1400.02 | B3: Producer fee | C3: [DEAL] | O3: DEAL
A4: 1400.03 | B4: Line Producer fee | C4: [DEAL] | O4: DEAL
A5: 1400.04 | B5: Producer assistant(s) | C5: [DEAL] | O5: DEAL

Sheet 1500 – Directors Unit
A1: Account No | B1: Description | C1: Amount | D1: Unit Type | E1: Rate | F1: Subtotal | G1: Fringe % | H1: Total | I1: Vendor | J1: Vendor URL | K1: Script Page | L1: Script Quote | M1: Notes | N1: Confidence | O1: Populated By
A2: 1500.01 | B2: Director fee | C2: [DEAL] | O2: DEAL
A3: 1500.02 | B3: Director assistant | C3: [DEAL] | O3: DEAL
A4: 1500.03 | B4: Storyboard artist | C4: [DEAL] | O4: DEAL

Sheet 1600 – Talent (Cast)
A1: Account No | B1: Description | C1: Amount | D1: Unit Type | E1: Rate | F1: Subtotal | G1: Fringe % | H1: Total | I1: Vendor | J1: Vendor URL | K1: Script Page | L1: Script Quote | M1: Notes | N1: Confidence | O1: Populated By
A2: 1600.01 | B2: J.J. GITTES — Principal Cast | C2: 8 | D2: Days | F2: =IFERROR(C2*D2*E2,"") | H2: =IFERROR(F2+(F2*G2),"") | K2: 2 | L2: Never taking his eyes off Curly, he lights a cigarette using a lighter | M2: Appears in all 8 scenes extracted. Lead role — present in virtually every scene of the script. Day rate to be negotiated by Line Producer. | N2: High | O2: SCRIPT
A3: 1600.02 | B3: CURLY — Principal Cast | C3: 4 | D3: Days | F3: =IFERROR(C3*D3*E3,"") | H3: =IFERROR(F3+(F3*G3),"") | K3: 2 | L3: CURLY drops the photos on Gittes' desk. Curly towers over GITTES | M3: Appears in Scenes 1, 2, 4, and 5. Named speaking role with significant physical action. | N3: High | O3: SCRIPT
A4: 1600.03 | B4: MRS. MULWRAY (imposter client) — Principal Cast | C4: 3 | D4: Days | F4: =IFERROR(C4*D4*E4,"") | H4: =IFERROR(F4+(F4*G4),"") | K4: 5 | L4: A well-groomed, dark-haired WOMAN sits nervously between their two desks | M4: Named speaking role appearing as 'Mrs. Mulwray' — appears in Scenes 3, 6, and implicitly Scene 8 context. Later revealed as imposter. Day rate TBD. | N4: High | O4: SCRIPT
A5: 1600.04 | B5: WALSH — Principal Supporting Cast | C5: 2 | D5: Days | F5: =IFERROR(C5*D5*E5,"") | H5: =IFERROR(F5+(F5*G5),"") | K5: 3 | L5: WALSH (almost the manner of someone comforting the bereaved) If you'll allow us | M5: Named speaking role. Appears in Scenes 3 and 6. Gittes operative. | N5: High | O5: SCRIPT
A6: 1600.05 | B6: DUFFY — Principal Supporting Cast | C6: 2 | D6: Days | F6: =IFERROR(C6*D6*E6,"") | H6: =IFERROR(F6+(F6*G6),"") | K6: 5 | L6: DUFFY (a little eagerly) Chief Engineer? | M6: Named speaking role. Appears in Scenes 6 and referenced in Scene 3. Gittes operative. | N6: High | O6: SCRIPT
A7: 1600.06 | B7: SOPHIE — Principal Supporting Cast | C7: 1 | D7: Days | F7: =IFERROR(C7*D7*E7,"") | H7: =IFERROR(F7+(F7*G7),"") | K7: 4 | L7: walking him past SOPHIE who pointedly averts her gaze | M7: Named role — no dialogue in extracted pages but named and featured in action. Appears Scene 5. Monitor for dialogue in subsequent pages. | N7: High | O7: SCRIPT
A8: 1600.07 | B8: SAM BAGBY — Principal Supporting Cast | C8: 1 | D8: Days | F8: =IFERROR(C8*D8*E8,"") | H8: =IFERROR(F8+(F8*G8),"") | K8: 7 | L8: Former Mayor SAM BAGBY is speaking. Behind him is a huge map | M8: Named speaking role — former Mayor, delivers extended speech in Council Chambers. Appears Scene 8. | N8: High | O8: SCRIPT
A9: 1600.08 | B9: Casting Director | C9: [DEAL] | O9: DEAL
A10: 1600.09 | B10: Casting Associate | C10: [DEAL] | O10: DEAL

Sheet 2100 – Production Staff
A1: Account No | B1: Description | C1: Amount | D1: Unit Type | E1: Rate | F1: Subtotal | G1: Fringe % | H1: Total | I1: Vendor | J1: Vendor URL | K1: Script Page | L1: Script Quote | M1: Notes | N1: Confidence | O1: Populated By
A2: 2100.01 | B2: Production Manager / UPM | C2: [SCHEDULE] | O2: SCHEDULE
A3: 2100.02 | B3: 1st Assistant Director | C3: [SCHEDULE] | O3: SCHEDULE
A4: 2100.03 | B4: 2nd Assistant Director | C4: [SCHEDULE] | O4: SCHEDULE
A5: 2100.04 | B5: Production Coordinator | C5: [SCHEDULE] | O5: SCHEDULE
A6: 2100.05 | B6: Production Secretary | C6: [SCHEDULE] | O6: SCHEDULE
A7: 2100.06 | B7: Location Manager | C7: [SCHEDULE] | O7: SCHEDULE
A8: 2100.07 | B8: Production Accountant | C8: [SCHEDULE] | O8: SCHEDULE
A9: 2100.08 | B9: Payroll services | C9: [DEAL] | O9: DEAL

Sheet 2200 – Art Direction
A1: Account No | B1: Description | C1: Amount | D1: Unit Type | E1: Rate | F1: Subtotal | G1: Fringe % | H1: Total | I1: Vendor | J1: Vendor URL | K1: Script Page | L1: Script Quote | M1: Notes | N1: Confidence | O1: Populated By
A2: 2200.01 | B2: Period set construction — J.J. Gittes' private office, 1930s Los Angeles | C2: 1 | D2: Allow | F2: =IFERROR(C2*D2*E2,"") | H2: =IFERROR(F2+(F2*G2),"") | K2: 2 | L2: He looks cool and brisk in a white linen suit despite the heat. | M2: Period 1930s interior. Requires period-appropriate desk, overhead fan, Venetian blinds, wall dressing. Fan must be practical (operational on camera). Wall dent from Curly's fist punch must be a breakaway/soft-wall insert panel — coordinate with Props for continuity. | N2: High | O2: SCRIPT
A3: 2200.02 | B3: Period set construction — Duffy & Walsh's office, 1930s Los Angeles | C3: 1 | D3: Allow | F3: =IFERROR(C3*D3*E3,"") | H3: =IFERROR(F3+(F3*G3),"") | K3: 3 | L3: Noticeably less plush than Gitte's. | M3: Period 1930s interior. Notably less dressed/furnished than Gittes' office — intentional production design distinction. Two desks required. | N3: High | O3: SCRIPT
A4: 2200.03 | B4: Period set construction — office reception area, 1930s | C4: 1 | D4: Allow | F4: =IFERROR(C4*D4*E4,"") | H4: =IFERROR(F4+(F4*G4),"") | K4: 4 | L4: He opens the door where on the pebbled glass can be read: 'J. J. GITTES and Associates. DISCREET INVESTIGATION' | M4: Period pebbled-glass door with painted lettering 'J. J. GITTES and Associates. DISCREET INVESTIGATION' — featured on camera, requires period sign-writing or period-accurate glass panel. Sophie's reception desk required. | N4: High | O4: SCRIPT
A5: 2200.04 | B5: Period set construction — City Hall exterior steps and fountain, 1930s Los Angeles | C5: 1 | D5: Allow | F5: =IFERROR(C5*D5*E5,"") | H5: =IFERROR(F5+(F5*G5),"") | K5: 7 | L5: EXT. CITY HALL – MORNING. Already shimmering with heat. A drunk blows his nose with his fingers into the fountain. | M5: EXT location. May be practical City Hall location or period facade build. Practical fountain required on camera. Confirm location vs. build with production designer. | N5: Medium | O5: SCRIPT
A6: 2200.05 | B6: Period set construction — Council Chambers interior, 1930s Los Angeles | C6: 1 | D6: Allow | F6: =IFERROR(C6*D6*E6,"") | H6: =IFERROR(F6+(F6*G6),"") | K6: 7 | L6: Behind him is a huge map, with overleafs and bold lettering: 'PROPOSED ALTO VALLEJO DAM AND RESERVOIR' | M6: Period council chamber. Large-format period map/graphic display required — 'PROPOSED ALTO VALLEJO DAM AND RESERVOIR' — coordinate with Art Dept for oversized period map fabrication (see 2500 for hero prop flag). Councilmen seating arrangement required. | N6: High | O6: SCRIPT
A7: 2200.06 | B7: Production Designer | C7: [DEAL] | O7: DEAL
A8: 2200.07 | B8: Art Director | C8: [DEAL] | O8: DEAL
A9: 2200.08 | B9: Set Designer / Drafting | C9: [DEAL] | O9: DEAL
A10: 2200.09 | B10: Art Department Assistant | C10: [DEAL] | O10: DEAL
A11: 2200.10 | B11: Art Department supplies | C11: [DEAL] | O11: DEAL

Sheet 2300 – Set Construction
A1: Account No | B1: Description | C1: Amount | D1: Unit Type | E1: Rate | F1: Subtotal | G1: Fringe % | H1: Total | I1: Vendor | J1: Vendor URL | K1: Script Page | L1: Script Quote | M1: Notes | N1: Confidence | O1: Populated By
A2: 2300.01 | B2: Period property research and graphic design — 1930s Los Angeles visual references | C2: 1 | D2: Allow | F2: =IFERROR(C2*D2*E2,"") | H2: =IFERROR(F2+(F2*G2),"") | K2: 2 | L2: He looks cool and brisk in a white linen suit despite the heat. | M2: Full production set in 1930s Los Angeles. Art department research budget required for period-accurate dressing, signage, props, and wardrobe across all scenes. Ongoing throughout prep. | N2: High | O2: SCRIPT
A3: 2300.02 | B3: Period signage fabrication — office door pebbled glass lettering 'J. J. GITTES and Associates. DISCREET INVESTIGATION' | C3: 1 | D3: Allow | F3: =IFERROR(C3*D3*E3,"") | H3: =IFERROR(F3+(F3*G3),"") | K3: 4 | L3: on the pebbled glass can be read: 'J. J. GITTES and Associates. DISCREET INVESTIGATION' | M3: Period-accurate painted or etched lettering on pebbled glass door panel. Featured on camera — must be legible and period-correct. Coordinate with set construction. | N3: High | O3: SCRIPT
A4: 2300.03 | B4: Oversized period map fabrication — 'PROPOSED ALTO VALLEJO DAM AND RESERVOIR' with overleaf graphics | C4: 1 | D4: Allow | F4: =IFERROR(C4*D4*E4,"") | H4: =IFERROR(F4+(F4*G4),"") | K4: 7 | L4: a huge map, with overleafs and bold lettering: 'PROPOSED ALTO VALLEJO DAM AND RESERVOIR' | M4: Large-format period map featured prominently on camera in Council Chambers. Requires period-accurate cartographic and typographic style. Multiple overleaf layers described — may require hinged or layered physical construction. Hero prop consideration — see 2500. | N4: High | O4: SCRIPT
A5: 2300.04 | B5: Construction Coordinator | C5: [DEAL] | O5: DEAL
A6: 2300.05 | B6: Construction labor | C6: [DEAL] | O6: DEAL
A7: 2300.06 | B7: Construction materials | C7: [DEAL] | O7: DEAL
A8: 2300.07 | B8: Stage / mill rental | C8: [DEAL] | O8: DEAL

Sheet 2400 – Set Decoration
A1: Account No | B1: Description | C1: Amount | D1: Unit Type | E1: Rate | F1: Subtotal | G1: Fringe % | H1: Total | I1: Vendor | J1: Vendor URL | K1: Script Page | L1: Script Quote | M1: Notes | N1: Confidence | O1: Populated By
A2: 2400.01 | B2: Set decoration — Gittes' office, period 1930s: desk, overhead fan, Venetian blinds, signed movie star photographs on walls | C2: 1 | D2: Allow | F2: =IFERROR(C2*D2*E2,"") | H2: =IFERROR(F2+(F2*G2),"") | K2: 2 | L2: A fan whiffs overhead... its impact has sent the signed photos of several movie stars askew. | M2: Period 1930s. Overhead fan must be practical (operational). Signed celebrity photographs featured on camera — must be period-appropriate. Venetian blinds are interacted with by Curly (biting) — physical stunt consideration, coordinate with Props for breakaway blinds insert if required. Desk is principal set piece. | N2: High | O2: SCRIPT
A3: 2400.02 | B3: Set decoration — Gittes' office: multiple whiskey bottles (expensive brands) and cheaper bourbon bottle on desk | C3: 1 | D3: Allow | F3: =IFERROR(C3*D3*E3,"") | H3: =IFERROR(F3+(F3*G3),"") | K3: 2 | L3: quickly selects a cheaper bottle of bourbon from several fifths of more expensive whiskeys. | M3: Multiple period whiskey bottles visible on desk. Bourbon bottle and shot glass are handled by cast — those items should also appear in 2500. Background bottles for dressing only here. Check brand labels for clearance requirements (see 6200). | N3: High | O3: SCRIPT
A4: 2400.03 | B4: Set decoration — Duffy & Walsh's office, period 1930s: two desks, chairs, general office dressing, notably less plush than Gittes' | C4: 1 | D4: Allow | F4: =IFERROR(C4*D4*E4,"") | H4: =IFERROR(F4+(F4*G4),"") | K4: 3 | L4: Noticeably less plush than Gitte's. A well-groomed, dark-haired WOMAN sits nervously between their two desks. | M4: Period 1930s. Two desks, chairs on both sides. General office dressing. Intentional contrast with Gittes' office — coordinate with set decorator on dressing level. | N4: High | O4: SCRIPT
A5: 2400.04 | B5: Set decoration — office reception area: Sophie's desk, period waiting area dressing | C5: 1 | D5: Allow | F5: =IFERROR(C5*D5*E5,"") | H5: =IFERROR(F5+(F5*G5),"") | K5: 4 | L5: He's now walking him past SOPHIE who pointedly averts her gaze. | M5: Period 1930s reception. Sophie's desk and period waiting-area dressing required. | N5: Medium | O5: SCRIPT
A6: 2400.05 | B6: Set decoration — Council Chambers: period councilmen seating, desks, general civic interior dressing, funny papers and gossip columns on desks | C6: 1 | D6: Allow | F6: =IFERROR(C6*D6*E6,"") | H6: =IFERROR(F6+(F6*G6),"") | K6: 7 | L6: Some of the councilmen are reading funny papers and gossip columns while Bagby is speaking. | M6: Period 1930s civic interior. Funny papers and gossip columns visible on desks — must be period-accurate facsimile publications. See 2500 if any are handled as featured props by cast. | N6: High | O6: SCRIPT
A7: 2400.06 | B7: Set Decorator | C7: [DEAL] | O7: DEAL
A8: 2400.07 | B8: Swing Gang | C8: [DEAL] | O8: DEAL
A9: 2400.08 | B9: Set dressings — purchased | C9: [DEAL] | O9: DEAL
A10: 2400.09 | B10: Set dressings — rented | C10: [DEAL] | O10: DEAL
A11: 2400.10 | B11: Graphics / signage | C11: [DEAL] | O11: DEAL

Sheet 2500 – Props
A1: Account No | B1: Description | C1: Amount | D1: Unit Type | E1: Rate | F1: Subtotal | G1: Fringe % | H1: Total | I1: Vendor | J1: Vendor URL | K1: Script Page | L1: Script Quote | M1: Notes | N1: Confidence | O1: Populated By
A2: 2500.01 | B2: Surveillance photographs — grainy compromising photographs of man and woman, multiple prints handled on camera by Curly and Gittes | C2: 1 | D2: Allow | F2: =IFERROR(C2*D2*E2,"") | H2: =IFERROR(F2+(F2*G2),"") | K2: 2 | L2: The photograph is dropped, REVEALING ANOTHER, MORE compromising one. Then another, and another. | M2: Multiple prints required for continuity — at least 4–6 distinct photographs described. Period photographic style required. Must be fabricated (not real). Handled extensively on camera by Curly and Gittes. Require multiples for dropped/handled continuity. | N2: High | O2: SCRIPT
A3: 2500.02 | B3: Cigarette and period lighter with 'nail' — Gittes lights cigarette on camera using distinctive desk lighter | C3: 1 | D3: Allow | F3: =IFERROR(C3*D3*E3,"") | H3: =IFERROR(F3+(F3*G3),"") | K3: 2 | L3: he lights a cigarette using a lighter with a 'nail' on his desk. | M3: Period lighter with distinctive 'nail' feature — handled on camera by Gittes. Hero prop consideration due to featured close-up implied. Multiple cigarettes required for continuity across takes. Coordinate with art department on period lighter sourcing. | N3: High | O3: SCRIPT
A4: 2500.03 | B4: Shot glass — handled and drunk from on camera by Curly | C4: 3 | D4: Purchase | F4: =IFERROR(C4*D4*E4,"") | H4: =IFERROR(F4+(F4*G4),"") | K4: 2 | L4: Gittes reaches into his desk and pulls out a shot glass... Curly stares dumbly at it. Then picks it up, and drains it. | M4: Period shot glass handled and drunk from on camera. Multiple units for continuity. Period-accurate glassware required. | N4: High | O4: SCRIPT
A5: 2500.04 | B5: Bourbon bottle — cheaper bourbon bottle handled on camera by Gittes, poured and consumed by Curly | C5: 3 | D5: Purchase | F5: =IFERROR(C5*D5*E5,"") | H5: =IFERROR(F5+(F5*G5),"") | K5: 2 | L5: quickly selects a cheaper bottle of bourbon from several fifths of more expensive whiskeys. Gittes pours a large shot. | M5: Period bourbon bottle handled on camera by Gittes and Curly. Multiple units for continuity. Check label branding — if real brand visible on camera, clearance required in 6200. Consider non-alcoholic stand-in for cast safety. | N5: High | O5: SCRIPT
A6: 2500.05 | B6: Breakaway Venetian blinds — Curly bites into and physically interacts with blinds on camera | C6: 3 | D6: Purchase | F6: =IFERROR(C6*D6*E6,"") | H6: =IFERROR(F6+(F6*G6),"") | K6: 2 | L6: he actually bites into the blinds. | M6: Curly bites into Venetian blinds on camera. Requires multiples for safety and continuity — minimum 3 units. Must be confirmed food-safe/non-toxic material if cast member's mouth contacts prop. Coordinate with set decoration for matching replacement units. | N6: High | O6: SCRIPT
A7: 2500.06 | B7: Handkerchief — Gittes wipes perspiration from desk on camera | C7: 2 | D7: Purchase | F7: =IFERROR(C7*D7*E7,"") | H7: =IFERROR(F7+(F7*G7),"") | K7: 3 | L7: Gittes takes a handkerchief and wipes away the plunk of perspiration on his desk. | M7: Period handkerchief handled on camera by Gittes. Multiple units for continuity. Period-appropriate style. | N7: High | O7: SCRIPT
A8: 2500.07 | B8: Hero prop — large-format period map 'PROPOSED ALTO VALLEJO DAM AND RESERVOIR' with overleaf overlays, featured in Council Chambers | C8: 2 | D8: Purchase | F8: =IFERROR(C8*D8*E8,"") | H8: =IFERROR(F8+(F8*G8),"") | K8: 7 | L8: Behind him is a huge map, with overleafs and bold lettering: 'PROPOSED ALTO VALLEJO DAM AND RESERVOIR' | M8: Hero prop — featured prominently on camera, central to scene's political exposition. Large-format map with layered overleaf overlays described. Period-accurate cartographic design required. Coordinate with Art Dept (2300) for fabrication. Minimum 2 units — hero display + backup. | N8: High | O8: SCRIPT
A9: 2500.08 | B9: Period newspapers / funny papers and gossip columns — handled on camera by councilmen | C9: 6 | D9: Purchase | F9: =IFERROR(C9*D9*E9,"") | H9: =IFERROR(F9+(F9*G9),"") | K9: 7 | L9: Some of the councilmen are reading funny papers and gossip columns while Bagby is speaking. | M9: Period 1930s newspaper facsimiles required — funny papers (comic strips) and gossip column pages. Multiple copies for multiple councilmen and continuity. Must be period-accurate fabrications. Quantity estimated based on number of councilmen implied; confirm with director. | N9: Medium | O9: SCRIPT
A10: 2500.09 | B10: Wastebasket — kicked on camera by Curly during emotional outburst | C10: 2 | D10: Purchase | F10: =IFERROR(C10*D10*E10,"") | H10: =IFERROR(F10+(F10*G10),"") | K10: 2 | L10: turns and rams his fist into the wall, kicking the wastebasket as he does. | M10: Wastebasket kicked on camera by Curly. Period-appropriate style. Multiple units for continuity in case of damage. | N10: High | O10: SCRIPT
A11: 2500.10 | B11: Mrs. Mulwray's handbag — featured on camera, inspected closely by Gittes | C11: 2 | D11: Purchase | F11: =IFERROR(C11*D11*E11,"") | H11: =IFERROR(F11+(F11*G11),"") | K11: 6 | L11: Gittes is now casually but carefully checking out the detailing of Mrs. Mulwray's dress – her handbag, shoes, etc. | M11: Handbag receives focused on-camera attention from Gittes as character detail. Period 1930s style required. Coordinate with Wardrobe — item straddles costume/prop boundary; assign to Props for consistency of handling on set. | N11: Medium | O11: SCRIPT
A12: 2500.11 | B12: Property Master | C12: [DEAL] | O12: DEAL
A13: 2500.12 | B13: Assistant Property Master | C13: [DEAL] | O13: DEAL
A14: 2500.13 | B14: Prop rentals | C14: [DEAL] | O14: DEAL
A15: 2500.14 | B15: Prop purchases | C15: [DEAL] | O15: DEAL

Sheet 2600 – Camera
A1: Account No | B1: Description | C1: Amount | D1: Unit Type | E1: Rate | F1: Subtotal | G1: Fringe % | H1: Total | I1: Vendor | J1: Vendor URL | K1: Script Page | L1: Script Quote | M1: Notes | N1: Confidence | O1: Populated By
A2: 2600.01 | B2: Director of Photography | C2: [DEAL] | O2: DEAL
A3: 2600.02 | B3: Camera Operator | C3: [DEAL] | O3: DEAL
A4: 2600.03 | B4: 1st AC / Focus Puller | C4: [DEAL] | O4: DEAL
A5: 2600.04 | B5: 2nd AC / Loader | C5: [DEAL] | O5: DEAL
A6: 2600.05 | B6: Main Camera Package | C6: [DEAL] | O6: DEAL

Sheet 2700 – Electric
A1: Account No | B1: Description | C1: Amount | D1: Unit Type | E1: Rate | F1: Subtotal | G1: Fringe % | H1: Total | I1: Vendor | J1: Vendor URL | K1: Script Page | L1: Script Quote | M1: Notes | N1: Confidence | O1: Populated By
A2: 2700.01 | B2: Practical overhead fan — period ceiling fan, Gittes' office | C2: 1 | D2: Rental-Day | F2: =IFERROR(C2*D2*E2,"") | H2: =IFERROR(F2+(F2*G2),"") | K2: 2 | L2: A fan whiffs overhead. | M2: Practical period fan required as scripted set dressing with functional movement on camera. Confirm if practical electrical rigging needed. | N2: High | O2: SCRIPT
A3: 2700.02 | B3: Gaffer | C3: [DEAL] | O3: DEAL
A4: 2700.03 | B4: Best Boy Electric | C4: [DEAL] | O4: DEAL
A5: 2700.04 | B5: Electricians | C5: [DEAL] | O5: DEAL
A6: 2700.05 | B6: Lighting Package | C6: [DEAL] | O6: DEAL
A7: 2700.06 | B7: Generator rental | C7: [DEAL] | O7: DEAL

Sheet 2800 – Grip
A1: Account No | B1: Description | C1: Amount | D1: Unit Type | E1: Rate | F1: Subtotal | G1: Fringe % | H1: Total | I1: Vendor | J1: Vendor URL | K1: Script Page | L1: Script Quote | M1: Notes | N1: Confidence | O1: Populated By
A2: 2800.01 | B2: Key Grip | C2: [DEAL] | O2: DEAL
A3: 2800.02 | B3: Best Boy Grip | C3: [DEAL] | O3: DEAL
A4: 2800.03 | B4: Dolly Grip | C4: [DEAL] | O4: DEAL
A5: 2800.04 | B5: Grip Package | C5: [DEAL] | O5: DEAL

Sheet 2900 – Production Sound
A1: Account No | B1: Description | C1: Amount | D1: Unit Type | E1: Rate | F1: Subtotal | G1: Fringe % | H1: Total | I1: Vendor | J1: Vendor URL | K1: Script Page | L1: Script Quote | M1: Notes | N1: Confidence | O1: Populated By
A2: 2900.01 | B2: Production Sound Mixer | C2: [DEAL] | O2: DEAL
A3: 2900.02 | B3: Boom Operator | C3: [DEAL] | O3: DEAL
A4: 2900.03 | B4: Sound Package | C4: [DEAL] | O4: DEAL
A5: 2900.04 | B5: Walkie-talkies | C5: [DEAL] | O5: DEAL

Sheet 2950 – Stunts & Safety
A1: Account No | B1: Description | C1: Amount | D1: Unit Type | E1: Rate | F1: Subtotal | G1: Fringe % | H1: Total | I1: Vendor | J1: Vendor URL | K1: Script Page | L1: Script Quote | M1: Notes | N1: Confidence | O1: Populated By
A2: 2950.01 | B2: Stunt Coordinator | C2: [DEAL] | O2: DEAL
A3: 2950.02 | B3: Stunt Performer(s) | C3: [DEAL] | O3: DEAL
A4: 2950.03 | B4: Safety Officer | C4: [DEAL] | O4: DEAL
A5: 2950.04 | B5: Stunt Equipment / Rigging | C5: [DEAL] | O5: DEAL

Sheet 3000 – Mechanical FX
A1: Account No | B1: Description | C1: Amount | D1: Unit Type | E1: Rate | F1: Subtotal | G1: Fringe % | H1: Total | I1: Vendor | J1: Vendor URL | K1: Script Page | L1: Script Quote | M1: Notes | N1: Confidence | O1: Populated By
A2: 3000.01 | B2: FX Coordinator | C2: [DEAL] | O2: DEAL
A3: 3000.02 | B3: FX Crew | C3: [DEAL] | O3: DEAL
A4: 3000.03 | B4: FX Materials / consumables | C4: [DEAL] | O4: DEAL

Sheet 3100 – Special VFX
A1: Account No | B1: Description | C1: Amount | D1: Unit Type | E1: Rate | F1: Subtotal | G1: Fringe % | H1: Total | I1: Vendor | J1: Vendor URL | K1: Script Page | L1: Script Quote | M1: Notes | N1: Confidence | O1: Populated By
A2: 3100.01 | B2: VFX Supervisor | C2: [DEAL] | O2: DEAL
A3: 3100.02 | B3: VFX Production / labor | C3: [DEAL] | O3: DEAL
A4: 3100.03 | B4: VFX Software / tools | C4: [DEAL] | O4: DEAL

Sheet 3200 – Set Operations
A1: Account No | B1: Description | C1: Amount | D1: Unit Type | E1: Rate | F1: Subtotal | G1: Fringe % | H1: Total | I1: Vendor | J1: Vendor URL | K1: Script Page | L1: Script Quote | M1: Notes | N1: Confidence | O1: Populated By
A2: 3200.01 | B2: Set Carpenter (standby) | C2: [SCHEDULE] | O2: SCHEDULE
A3: 3200.02 | B3: Standby Painter | C3: [SCHEDULE] | O3: SCHEDULE
A4: 3200.03 | B4: Craft Service | C4: [SCHEDULE] | O4: SCHEDULE
A5: 3200.04 | B5: First Aid / On-set Nurse | C5: [SCHEDULE] | O5: SCHEDULE
A6: 3200.05 | B6: Security | C6: [SCHEDULE] | O6: SCHEDULE

Sheet 3300 – Wardrobe
A1: Account No | B1: Description | C1: Amount | D1: Unit Type | E1: Rate | F1: Subtotal | G1: Fringe % | H1: Total | I1: Vendor | J1: Vendor URL | K1: Script Page | L1: Script Quote | M1: Notes | N1: Confidence | O1: Populated By
A2: 3300.01 | B2: Hero costume — J.J. Gittes, white linen suit (period 1930s/40s detective) | C2: 2 | D2: Allow | F2: =IFERROR(C2*D2*E2,"") | H2: =IFERROR(F2+(F2*G2),"") | K2: 2 | L2: He looks cool and brisk in a white linen suit despite the heat. | M2: Minimum 2 units required — hero + continuity backup. Add units if stunt double scenes are present. Period 1930s Los Angeles setting — all wardrobe must reflect era. | N2: High | O2: SCRIPT
A3: 3300.02 | B3: Hero costume — impeccable dressed Gittes exterior City Hall (period 1930s/40s) | C3: 2 | D3: Allow | F3: =IFERROR(C3*D3*E3,"") | H3: =IFERROR(F3+(F3*G3),"") | K3: 7 | L3: Gittes, impeccably dressed, passes the drunk on the way up the stairs. | M3: Minimum 2 units required — hero + continuity backup. May overlap with 3300.01 if same suit continuity — confirm with costume designer. Period 1930s Los Angeles setting. | N3: High | O3: SCRIPT
A4: 3300.03 | B4: Period costume — Curly, workman's clothes (period 1930s/40s) | C4: 2 | D4: Allow | F4: =IFERROR(C4*D4*E4,"") | H4: =IFERROR(F4+(F4*G4),"") | K4: 2 | L4: Curly towers over GITTES and sweats heavily through his workman's clothes. | M4: Minimum 2 units required — hero + continuity backup. Add units if stunt double scenes are present. Period 1930s working-class wardrobe. | N4: High | O4: SCRIPT
A5: 3300.04 | B5: Period costume — Mrs. Mulwray, dress with handbag and shoes, pillbox hat with veil (period 1930s/40s) | C5: 2 | D5: Allow | F5: =IFERROR(C5*D5*E5,"") | H5: =IFERROR(F5+(F5*G5),"") | K5: 6 | L5: checking out the detailing of Mrs. Mulwray's dress – her handbag, shoes, etc. | M5: Minimum 2 units required — hero + continuity backup. Pillbox hat with veil explicitly described in script. All accessories must be period-accurate 1930s. Featured close-up inspection of costume detailing by another character. | N5: High | O5: SCRIPT
A6: 3300.05 | B6: Period costume — Former Mayor Sam Bagby, council chambers attire (period 1930s/40s) | C6: 2 | D6: Allow | F6: =IFERROR(C6*D6*E6,"") | H6: =IFERROR(F6+(F6*G6),"") | K6: 7 | L6: Former Mayor SAM BAGBY is speaking. | M6: Minimum 2 units required — hero + continuity backup. Period 1930s formal/political attire. Add units if stunt double scenes are present. | N6: Medium | O6: SCRIPT
A7: 3300.06 | B7: Costume Designer | C7: [DEAL] | O7: DEAL
A8: 3300.07 | B8: Wardrobe Supervisor | C8: [DEAL] | O8: DEAL
A9: 3300.08 | B9: Costumer(s) | C9: [DEAL] | O9: DEAL
A10: 3300.09 | B10: Wardrobe Rental | C10: [DEAL] | O10: DEAL
A11: 3300.10 | B11: Wardrobe Purchases | C11: [DEAL] | O11: DEAL
A12: 3300.11 | B12: Dry cleaning / laundry | C12: [DEAL] | O12: DEAL

Sheet 3400 – Makeup & Hair
A1: Account No | B1: Description | C1: Amount | D1: Unit Type | E1: Rate | F1: Subtotal | G1: Fringe % | H1: Total | I1: Vendor | J1: Vendor URL | K1: Script Page | L1: Script Quote | M1: Notes | N1: Confidence | O1: Populated By
A2: 3400.01 | B2: Continuity makeup — tears/weeping (Curly) | C2: 1 | D2: Days | F2: =IFERROR(C2*D2*E2,"") | H2: =IFERROR(F2+(F2*G2),"") | K2: 2 | L2: He is weeping heavily now, and is in such pain that he actually bites into the blinds. | M2: Glycerin drops and repeated touch-up application required for matching continuity across takes. Curly weeps extensively across multiple pages in Gittes' office scene. | N2: High | O2: SCRIPT
A3: 3400.02 | B3: Head Makeup Artist | C3: [DEAL] | O3: DEAL
A4: 3400.03 | B4: Key Hair Stylist | C4: [DEAL] | O4: DEAL
A5: 3400.04 | B5: Additional Makeup / Hair | C5: [DEAL] | O5: DEAL
A6: 3400.05 | B6: Makeup Supplies | C6: [DEAL] | O6: DEAL

Sheet 3500 – Locations
A1: Account No | B1: Description | C1: Amount | D1: Unit Type | E1: Rate | F1: Subtotal | G1: Fringe % | H1: Total | I1: Vendor | J1: Vendor URL | K1: Script Page | L1: Script Quote | M1: Notes | N1: Confidence | O1: Populated By
A2: 3500.01 | B2: Location permit and fees — EXT. City Hall, exterior public steps and fountain | C2: 1 | D2: Allow | F2: =IFERROR(C2*D2*E2,"") | H2: =IFERROR(F2+(F2*G2),"") | K2: 7 | L2: EXT. CITY HALL – MORNING. Already shimmering with heat. | M2: Exterior public government building location. Permit required for filming on steps and public space. Period dressing of exterior may be required. Morning shoot. | N2: High | O2: SCRIPT
A3: 3500.02 | B3: Location Manager | C3: [DEAL] | O3: DEAL
A4: 3500.03 | B4: Location Scout / Survey | C4: [DEAL] | O4: DEAL
A5: 3500.04 | B5: Police / fire standby | C5: [DEAL] | O5: DEAL
A6: 3500.05 | B6: Catering | C6: [DEAL] | O6: DEAL
A7: 3500.06 | B7: Parking / logistics | C7: [DEAL] | O7: DEAL

Sheet 3600 – Transportation
A1: Account No | B1: Description | C1: Amount | D1: Unit Type | E1: Rate | F1: Subtotal | G1: Fringe % | H1: Total | I1: Vendor | J1: Vendor URL | K1: Script Page | L1: Script Quote | M1: Notes | N1: Confidence | O1: Populated By
A2: 3600.01 | B2: Transportation Coordinator | C2: [SCHEDULE] | O2: SCHEDULE
A3: 3600.02 | B3: Captain Driver | C3: [SCHEDULE] | O3: SCHEDULE
A4: 3600.03 | B4: Drivers | C4: [SCHEDULE] | O4: SCHEDULE
A5: 3600.04 | B5: Production vehicles (trucks / vans) | C5: [DEAL] | O5: DEAL
A6: 3600.05 | B6: Honeywagon / basecamp | C6: [DEAL] | O6: DEAL

Sheet 3800 – Studio Facilities
A1: Account No | B1: Description | C1: Amount | D1: Unit Type | E1: Rate | F1: Subtotal | G1: Fringe % | H1: Total | I1: Vendor | J1: Vendor URL | K1: Script Page | L1: Script Quote | M1: Notes | N1: Confidence | O1: Populated By
A2: 3800.01 | B2: Stage rental | C2: [DEAL] | O2: DEAL
A3: 3800.02 | B3: Back lot rental | C3: [DEAL] | O3: DEAL
A4: 3800.03 | B4: Electric power (stage) | C4: [DEAL] | O4: DEAL
A5: 3800.04 | B5: Heating / AC | C5: [DEAL] | O5: DEAL

Sheet 3900 – Atmosphere
A1: Account No | B1: Description | C1: Amount | D1: Unit Type | E1: Rate | F1: Subtotal | G1: Fringe % | H1: Total | I1: Vendor | J1: Vendor URL | K1: Script Page | L1: Script Quote | M1: Notes | N1: Confidence | O1: Populated By
A2: 3900.01 | B2: Extras Casting fee | C2: [DEAL] | O2: DEAL
A3: 3900.02 | B3: Stand-ins | C3: [SCHEDULE] | O3: SCHEDULE
A4: 3900.03 | B4: Welfare Worker / Teacher (minors) | C4: [DEAL] | O4: DEAL

Sheet 5100 – Editing
A1: Account No | B1: Description | C1: Amount | D1: Unit Type | E1: Rate | F1: Subtotal | G1: Fringe % | H1: Total | I1: Vendor | J1: Vendor URL | K1: Script Page | L1: Script Quote | M1: Notes | N1: Confidence | O1: Populated By
A2: 5100.01 | B2: Post Production Supervisor | C2: [DEAL] | O2: DEAL
A3: 5100.02 | B3: Editor | C3: [DEAL] | O3: DEAL
A4: 5100.03 | B4: Assistant Editor(s) | C4: [DEAL] | O4: DEAL
A5: 5100.04 | B5: Editing Room / Avid rental | C5: [DEAL] | O5: DEAL

Sheet 5200 – Post Film & Lab
A1: Account No | B1: Description | C1: Amount | D1: Unit Type | E1: Rate | F1: Subtotal | G1: Fringe % | H1: Total | I1: Vendor | J1: Vendor URL | K1: Script Page | L1: Script Quote | M1: Notes | N1: Confidence | O1: Populated By
A2: 5200.01 | B2: Color grading & Digital Intermediate | C2: [DEAL] | O2: DEAL
A3: 5200.02 | B3: Digital deliverables | C3: [DEAL] | O3: DEAL
A4: 5200.03 | B4: Archival / backup | C4: [DEAL] | O4: DEAL

Sheet 5300 – Post Sound
A1: Account No | B1: Description | C1: Amount | D1: Unit Type | E1: Rate | F1: Subtotal | G1: Fringe % | H1: Total | I1: Vendor | J1: Vendor URL | K1: Script Page | L1: Script Quote | M1: Notes | N1: Confidence | O1: Populated By
A2: 5300.01 | B2: Sound Designer | C2: [DEAL] | O2: DEAL
A3: 5300.02 | B3: Foley Artist + Studio | C3: [DEAL] | O3: DEAL
A4: 5300.03 | B4: ADR / Looping | C4: [DEAL] | O4: DEAL
A5: 5300.04 | B5: Final Mix | C5: [DEAL] | O5: DEAL

Sheet 5400 – Music
A1: Account No | B1: Description | C1: Amount | D1: Unit Type | E1: Rate | F1: Subtotal | G1: Fringe % | H1: Total | I1: Vendor | J1: Vendor URL | K1: Script Page | L1: Script Quote | M1: Notes | N1: Confidence | O1: Populated By
A2: 5400.01 | B2: Composer fee | C2: [DEAL] | O2: DEAL
A3: 5400.02 | B3: Musicians / orchestration | C3: [DEAL] | O3: DEAL
A4: 5400.03 | B4: Music rights / licensing | C4: [DEAL] | O4: DEAL
A5: 5400.04 | B5: Score recording studio | C5: [DEAL] | O5: DEAL

Sheet 5500 – Titles
A1: Account No | B1: Description | C1: Amount | D1: Unit Type | E1: Rate | F1: Subtotal | G1: Fringe % | H1: Total | I1: Vendor | J1: Vendor URL | K1: Script Page | L1: Script Quote | M1: Notes | N1: Confidence | O1: Populated By
A2: 5500.01 | B2: Main titles design | C2: [DEAL] | O2: DEAL
A3: 5500.02 | B3: End credits | C3: [DEAL] | O3: DEAL
A4: 5500.03 | B4: Title card mastering | C4: [DEAL] | O4: DEAL

Sheet 5600 – Opticals & Post VFX
A1: Account No | B1: Description | C1: Amount | D1: Unit Type | E1: Rate | F1: Subtotal | G1: Fringe % | H1: Total | I1: Vendor | J1: Vendor URL | K1: Script Page | L1: Script Quote | M1: Notes | N1: Confidence | O1: Populated By
A2: 5600.01 | B2: Opticals / visual effects (post) | C2: [DEAL] | O2: DEAL
A3: 5600.02 | B3: Digital intermediate (opticals) | C3: [DEAL] | O3: DEAL

Sheet 5700 – Post Video
A1: Account No | B1: Description | C1: Amount | D1: Unit Type | E1: Rate | F1: Subtotal | G1: Fringe % | H1: Total | I1: Vendor | J1: Vendor URL | K1: Script Page | L1: Script Quote | M1: Notes | N1: Confidence | O1: Populated By
A2: 5700.01 | B2: Video deliverables / mastering | C2: [DEAL] | O2: DEAL
A3: 5700.02 | B3: Streaming / broadcast specs | C3: [DEAL] | O3: DEAL

Sheet 6100 – Insurance
A1: Account No | B1: Description | C1: Amount | D1: Unit Type | E1: Rate | F1: Subtotal | G1: Fringe % | H1: Total | I1: Vendor | J1: Vendor URL | K1: Script Page | L1: Script Quote | M1: Notes | N1: Confidence | O1: Populated By
A2: 6100.01 | B2: Cast insurance | C2: [DEAL] | O2: DEAL
A3: 6100.02 | B3: Negative / production insurance | C3: [DEAL] | O3: DEAL
A4: 6100.03 | B4: E&O insurance | C4: [DEAL] | O4: DEAL
A5: 6100.04 | B5: General liability | C5: [DEAL] | O5: DEAL

Sheet 6200 – Legal
A1: Account No | B1: Description | C1: Amount | D1: Unit Type | E1: Rate | F1: Subtotal | G1: Fringe % | H1: Total | I1: Vendor | J1: Vendor URL | K1: Script Page | L1: Script Quote | M1: Notes | N1: Confidence | O1: Populated By
A2: 6200.01 | B2: Brand clearance / product placement agreement — Alto Vallejo Dam and Reservoir (proposed project signage/map on camera) | C2: 1 | D2: Allow | F2: =IFERROR(C2*D2*E2,"") | H2: =IFERROR(F2+(F2*G2),"") | K2: 7 | L2: Behind him is a huge map, with overleafs and bold lettering: 'PROPOSED ALTO VALLEJO DAM AND RESERVOIR' | M2: Large-format map/graphic displayed prominently on camera in Council Chambers. If a real governmental body or trademarked project name is referenced, legal clearance or fictionalization review required before shooting. Confirm whether name is wholly fictional or requires clearance. | N2: Medium | O2: SCRIPT
A3: 6200.02 | B3: Brand clearance / product placement agreement — J. J. Gittes and Associates office door lettering (on-camera signage) | C3: 1 | D3: Allow | F3: =IFERROR(C3*D3*E3,"") | H3: =IFERROR(F3+(F3*G3),"") | K3: 4 | L3: on the pebbled glass can be read: 'J. J. GITTES and Associates. DISCREET INVESTIGATION' | M3: Pebbled glass door signage is legible on camera. Fictional business name — no third-party trademark clearance expected, but confirm no real business of this name exists in period LA. Low risk; flagged for legal review. | N3: Low | O3: SCRIPT
A4: 6200.03 | B4: Legal fees | C4: [DEAL] | O4: DEAL
A5: 6200.04 | B5: Contract preparation | C5: [DEAL] | O5: DEAL
A6: 6200.05 | B6: Clearances / chain of title | C6: [DEAL] | O6: DEAL

Sheet 6300 – Publicity
A1: Account No | B1: Description | C1: Amount | D1: Unit Type | E1: Rate | F1: Subtotal | G1: Fringe % | H1: Total | I1: Vendor | J1: Vendor URL | K1: Script Page | L1: Script Quote | M1: Notes | N1: Confidence | O1: Populated By
A2: 6300.01 | B2: Unit Publicist | C2: [DEAL] | O2: DEAL
A3: 6300.02 | B3: Electronic Press Kit (EPK) | C3: [DEAL] | O3: DEAL
A4: 6300.03 | B4: Stills photographer | C4: [DEAL] | O4: DEAL

Sheet 6400 – Miscellaneous
A1: Account No | B1: Description | C1: Amount | D1: Unit Type | E1: Rate | F1: Subtotal | G1: Fringe % | H1: Total | I1: Vendor | J1: Vendor URL | K1: Script Page | L1: Script Quote | M1: Notes | N1: Confidence | O1: Populated By
A2: 6400.01 | B2: Accounting / payroll fees | C2: [DEAL] | O2: DEAL
A3: 6400.02 | B3: Bank charges | C3: [DEAL] | O3: DEAL
A4: 6400.03 | B4: Completion bond (~2.5% of budget) | C4: [DEAL] | O4: DEAL
