Workbook

Sheet Summary
A1: PRODUCTION BREAKDOWN SUMMARY
A2: Department | B2: Line Items | C2: Subtotal
A3: Props | B3: =COUNTA(Props!B2:B1000) | C3: =SUM(Props!G2:G1000)
A4: Wardrobe | B4: =COUNTA(Wardrobe!B2:B1000) | C4: =SUM(Wardrobe!G2:G1000)
A5: Art Dept | B5: =COUNTA('Art Dept'!B2:B1000) | C5: =SUM('Art Dept'!G2:G1000)
A6: Camera | B6: =COUNTA(Camera!B2:B1000) | C6: =SUM(Camera!G2:G1000)
A7: Grip & Electric | B7: =COUNTA('Grip & Electric'!B2:B1000) | C7: =SUM('Grip & Electric'!G2:G1000)
A8: Locations | B8: =COUNTA(Locations!B2:B1000) | C8: =SUM(Locations!G2:G1000)
A9: Stunts & Safety | B9: =COUNTA('Stunts & Safety'!B2:B1000) | C9: =SUM('Stunts & Safety'!G2:G1000)
A10: VFX | B10: =COUNTA(VFX!B2:B1000) | C10: =SUM(VFX!G2:G1000)
A11: Extras | B11: =COUNTA(Extras!B2:B1000) | C11: =SUM(Extras!G2:G1000)
A12: Transportation | B12: =COUNTA(Transportation!B2:B1000) | C12: =SUM(Transportation!G2:G1000)
A13: Catering | B13: =COUNTA(Catering!B2:B1000) | C13: =SUM(Catering!G2:G1000)
A14: Sound | B14: =COUNTA(Sound!B2:B1000) | C14: =SUM(Sound!G2:G1000)
A15: Miscellaneous | B15: =COUNTA(Miscellaneous!B2:B1000) | C15: =SUM(Miscellaneous!G2:G1000)
A16: NOTE: Shoot Days (col N) must be filled manually for day-rate items before totals are accurate.
A17: GRAND TOTAL | C17: =SUM(C3:C15)

Sheet Props
A1: Scene Number | B1: Item Name | C1: Description | D1: Quantity | E1: Unit Type | F1: Unit Price | G1: Total Cost | H1: Vendor | I1: Vendor URL | J1: Script Page | K1: Script Quote | L1: Notes | M1: Confidence | N1: Shoot Days
A2: 2 | B2: Cigarette prop | C2: Unlit cigarette for Marlowe. | D2: 1 | E2: Purchase | G2: =D2*F2 | J2: 2 | K2: unlit cigarette | M2: High

Sheet Wardrobe
A1: Scene Number | B1: Item Name | C1: Description | D1: Quantity | E1: Unit Type | F1: Unit Price | G1: Total Cost | H1: Vendor | I1: Vendor URL | J1: Script Page | K1: Script Quote | L1: Notes | M1: Confidence | N1: Shoot Days

Sheet Art Dept
A1: Scene Number | B1: Item Name | C1: Description | D1: Quantity | E1: Unit Type | F1: Unit Price | G1: Total Cost | H1: Vendor | I1: Vendor URL | J1: Script Page | K1: Script Quote | L1: Notes | M1: Confidence | N1: Shoot Days
A2: 3 | B2: Hotel bar set dressing (1940s) | C2: Period dressing for Atlas Hotel bar. | D2: 1 | E2: Rental-Week | G2: =D2*F2 | J2: 3 | K2: shrine to the 1940s | L2: [DECISION NEEDED: Choose built set OR practical location - do not budget both] | M2: Medium

Sheet Camera
A1: Scene Number | B1: Item Name | C1: Description | D1: Quantity | E1: Unit Type | F1: Unit Price | G1: Total Cost | H1: Vendor | I1: Vendor URL | J1: Script Page | K1: Script Quote | L1: Notes | M1: Confidence | N1: Shoot Days
A2: 1 | B2: Primary Camera Package | C2: Camera body, 3 prime lenses, monitor, batteries x4, media x4, tripod. | D2: 1 | E2: Rental-Day | G2: =D2*F2 | J2: 1 | M2: High
A3: 4 | B3: Drone unit + FAA-licensed operator | C3: Aerial shot over rooftop. | D3: 1 | E3: Rental-Day | G3: =D3*F3 | J3: 4 | K3: A DRONE SHOT sweeps over the rooftop | M3: High

Sheet Grip & Electric
A1: Scene Number | B1: Item Name | C1: Description | D1: Quantity | E1: Unit Type | F1: Unit Price | G1: Total Cost | H1: Vendor | I1: Vendor URL | J1: Script Page | K1: Script Quote | L1: Notes | M1: Confidence | N1: Shoot Days

Sheet Locations
A1: Scene Number | B1: Item Name | C1: Description | D1: Quantity | E1: Unit Type | F1: Unit Price | G1: Total Cost | H1: Vendor | I1: Vendor URL | J1: Script Page | K1: Script Quote | L1: Notes | M1: Confidence | N1: Shoot Days
A2: 3 | B2: Hotel bar location permit | C2: Permit for Atlas Hotel bar. | D2: 1 | E2: Rental-Day | G2: =D2*F2 | J2: 3 | K2: shrine to the 1940s | L2: [DECISION NEEDED: Choose built set OR practical location - do not budget both] | M2: Medium

Sheet Stunts & Safety
A1: Scene Number | B1: Item Name | C1: Description | D1: Quantity | E1: Unit Type | F1: Unit Price | G1: Total Cost | H1: Vendor | I1: Vendor URL | J1: Script Page | K1: Script Quote | L1: Notes | M1: Confidence | N1: Shoot Days
A2: 4 | B2: Stunt coordinator | C2: Three-story fall. | D2: 1 | E2: Day Rate | G2: =D2*F2*N2 | J2: 4 | K2: falls three stories | L2: [DAY RATE - fill in Shoot Days (col N) to calculate total] | M2: High

Sheet VFX
A1: Scene Number | B1: Item Name | C1: Description | D1: Quantity | E1: Unit Type | F1: Unit Price | G1: Total Cost | H1: Vendor | I1: Vendor URL | J1: Script Page | K1: Script Quote | L1: Notes | M1: Confidence | N1: Shoot Days

Sheet Extras
A1: Scene Number | B1: Item Name | C1: Description | D1: Quantity | E1: Unit Type | F1: Unit Price | G1: Total Cost | H1: Vendor | I1: Vendor URL | J1: Script Page | K1: Script Quote | L1: Notes | M1: Confidence | N1: Shoot Days
A2: 1 | B2: Background extras | C2: Crowd for plaza. | D2: 200 | E2: Day Rate | G2: =D2*F2*N2 | J2: 2 | K2: hundreds fill the plaza | L2: [DAY RATE - fill in Shoot Days (col N) to calculate total] | M2: Medium
B3: PRINCIPAL CAST FEES | L3: Enter manually from agent/talent contracts — not estimable by this tool.

Sheet Transportation
A1: Scene Number | B1: Item Name | C1: Description | D1: Quantity | E1: Unit Type | F1: Unit Price | G1: Total Cost | H1: Vendor | I1: Vendor URL | J1: Script Page | K1: Script Quote | L1: Notes | M1: Confidence | N1: Shoot Days
A2: 5 | B2: Picture vehicle — black sedan | C2: Hero sedan for car chase. | D2: 1 | E2: Day Rate | G2: =D2*F2*N2 | J2: 5 | K2: A BLACK SEDAN tears around the corner | L2: [DAY RATE - fill in Shoot Days (col N) to calculate total] | [ESTIMATE ONLY - final cost depends on confirmed locations. Revisit after locations are locked] | M2: High

Sheet Catering
A1: Scene Number | B1: Item Name | C1: Description | D1: Quantity | E1: Unit Type | F1: Unit Price | G1: Total Cost | H1: Vendor | I1: Vendor URL | J1: Script Page | K1: Script Quote | L1: Notes | M1: Confidence | N1: Shoot Days

Sheet Sound
A1: Scene Number | B1: Item Name | C1: Description | D1: Quantity | E1: Unit Type | F1: Unit Price | G1: Total Cost | H1: Vendor | I1: Vendor URL | J1: Script Page | K1: Script Quote | L1: Notes | M1: Confidence | N1: Shoot Days

Sheet Miscellaneous
A1: Scene Number | B1: Item Name | C1: Description | D1: Quantity | E1: Unit Type | F1: Unit Price | G1: Total Cost | H1: Vendor | I1: Vendor URL | J1: Script Page | K1: Script Quote | L1: Notes | M1: Confidence | N1: Shoot Days
