Workbook

Sheet Summary
A1: PRODUCTION BREAKDOWN SUMMARY
A2: Department | B2: Line Items | C2: Subtotal
A3: Props | B3: =COUNTA(Props!B2:B1000) -> 0 | C3: =SUM(Props!G2:G1000) -> 0
A4: Wardrobe | B4: =COUNTA(Wardrobe!B2:B1000) -> 0 | C4: =SUM(Wardrobe!G2:G1000) -> 0
A5: Art Dept | B5: =COUNTA('Art Dept'!B2:B1000) -> 0 | C5: =SUM('Art Dept'!G2:G1000) -> 0
A6: Camera | B6: =COUNTA(Camera!B2:B1000) -> 0 | C6: =SUM(Camera!G2:G1000) -> 0
A7: Grip & Electric | B7: =COUNTA('Grip & Electric'!B2:B1000) -> 0 | C7: =SUM('Grip & Electric'!G2:G1000) -> 0
A8: Locations | B8: =COUNTA(Locations!B2:B1000) -> 0 | C8: =SUM(Locations!G2:G1000) -> 0
A9: Stunts & Safety | B9: =COUNTA('Stunts & Safety'!B2:B1000) -> 0 | C9: =SUM('Stunts & Safety'!G2:G1000) -> 0
A10: VFX | B10: =COUNTA(VFX!B2:B1000) -> 0 | C10: =SUM(VFX!G2:G1000) -> 0
A11: Extras | B11: =COUNTA(Extras!B2:B1000) -> 2 | C11: =SUM(Extras!G2:G1000) -> 0
A12: Transportation | B12: =COUNTA(Transportation!B2:B1000) -> 0 | C12: =SUM(Transportation!G2:G1000) -> 0
A13: Catering | B13: =COUNTA(Catering!B2:B1000) -> 0 | C13: =SUM(Catering!G2:G1000) -> 0
A14: Sound | B14: =COUNTA(Sound!B2:B1000) -> 0 | C14: =SUM(Sound!G2:G1000) -> 0
A15: Miscellaneous | B15: =COUNTA(Miscellaneous!B2:B1000) -> 0 | C15: =SUM(Miscellaneous!G2:G1000) -> 0
A16: NOTE: Shoot Days (col N) must be filled manually for day-rate items before totals are accurate.
A17: GRAND TOTAL | C17: =SUM(C3:C15) -> 0

Sheet Props
A1: Scene Number | B1: Item Name | C1: Description | D1: Quantity | E1: Unit Type | F1: Unit Price | G1: Total Cost | H1: Vendor | I1: Vendor URL | J1: Script Page | K1: Script Quote | L1: Notes | M1: Confidence | N1: Shoot Days

Sheet Art Dept
A1: Scene Number | B1: Item Name | C1: Description | D1: Quantity | E1: Unit Type | F1: Unit Price | G1: Total Cost | H1: Vendor | I1: Vendor URL | J1: Script Page | K1: Script Quote | L1: Notes | M1: Confidence | N1: Shoot Days

Sheet Wardrobe
A1: Scene Number | B1: Item Name | C1: Description | D1: Quantity | E1: Unit Type | F1: Unit Price | G1: Total Cost | H1: Vendor | I1: Vendor URL | J1: Script Page | K1: Script Quote | L1: Notes | M1: Confidence | N1: Shoot Days

Sheet Camera
A1: Scene Number | B1: Item Name | C1: Description | D1: Quantity | E1: Unit Type | F1: Unit Price | G1: Total Cost | H1: Vendor | I1: Vendor URL | J1: Script Page | K1: Script Quote | L1: Notes | M1: Confidence | N1: Shoot Days

Sheet Grip & Electric
A1: Scene Number | B1: Item Name | C1: Description | D1: Quantity | E1: Unit Type | F1: Unit Price | G1: Total Cost | H1: Vendor | I1: Vendor URL | J1: Script Page | K1: Script Quote | L1: Notes | M1: Confidence | N1: Shoot Days

Sheet Stunts & Safety
A1: Scene Number | B1: Item Name | C1: Description | D1: Quantity | E1: Unit Type | F1: Unit Price | G1: Total Cost | H1: Vendor | I1: Vendor URL | J1: Script Page | K1: Script Quote | L1: Notes | M1: Confidence | N1: Shoot Days

Sheet Locations
A1: Scene Number | B1: Item Name | C1: Description | D1: Quantity | E1: Unit Type | F1: Unit Price | G1: Total Cost | H1: Vendor | I1: Vendor URL | J1: Script Page | K1: Script Quote | L1: Notes | M1: Confidence | N1: Shoot Days

Sheet VFX
A1: Scene Number | B1: Item Name | C1: Description | D1: Quantity | E1: Unit Type | F1: Unit Price | G1: Total Cost | H1: Vendor | I1: Vendor URL | J1: Script Page | K1: Script Quote | L1: Notes | M1: Confidence | N1: Shoot Days

Sheet Extras
A1: Scene Number | B1: Item Name | C1: Description | D1: Quantity | E1: Unit Type | F1: Unit Price | G1: Total Cost | H1: Vendor | I1: Vendor URL | J1: Script Page | K1: Script Quote | L1: Notes | M1: Confidence | N1: Shoot Days
A2: 1 | B2: Background extras | C2: Crowd for plaza. | D2: 100 | E2: Day Rate | G2: =D2*F2*N2 -> 0 | J2: 2 | K2: hundreds fill the plaza | L2: [DAY RATE - fill in Shoot Days (col N)] | M2: Medium
B3: PRINCIPAL CAST FEES | L3: Enter manually from agent/talent contracts — not estimable by this tool.

Sheet Transportation
A1: Scene Number | B1: Item Name | C1: Description | D1: Quantity | E1: Unit Type | F1: Unit Price | G1: Total Cost | H1: Vendor | I1: Vendor URL | J1: Script Page | K1: Script Quote | L1: Notes | M1: Confidence | N1: Shoot Days

Sheet Catering
A1: Scene Number | B1: Item Name | C1: Description | D1: Quantity | E1: Unit Type | F1: Unit Price | G1: Total Cost | H1: Vendor | I1: Vendor URL | J1: Script Page | K1: Script Quote | L1: Notes | M1: Confidence | N1: Shoot Days

Sheet Sound
A1: Scene Number | B1: Item Name | C1: Description | D1: Quantity | E1: Unit Type | F1: Unit Price | G1: Total Cost | H1: Vendor | I1: Vendor URL | J1: Script Page | K1: Script Quote | L1: Notes | M1: Confidence | N1: Shoot Days

Sheet Miscellaneous
A1: Scene Number | B1: Item Name | C1: Description | D1: Quantity | E1: Unit Type | F1: Unit Price | G1: Total Cost | H1: Vendor | I1: Vendor URL | J1: Script Page | K1: Script Quote | L1: Notes | M1: Confidence | N1: Shoot Days
