Workbook

Sheet Summary
A1: PRODUCTION BREAKDOWN SUMMARY
A2: Department | B2: Line Items | C2: Subtotal
A3: Props | B3: =COUNTA(Props!B2:B1000) | C3: =SUM(Props!G2:G1000)
A4: Wardrobe | B4: =COUNTA(Wardrobe!B2:B1000) | C4: =SUM(Wardrobe!G2:G1000)
A5: Art Dept | B5: =COUNTA('Art Dept'!B2:B1000) | C5: =SUM('Art Dept'!G2:G1000)
A6: Camera | B6: =COUNTA(Camera!B2:B1000) | C6: =SUM(Camera!G2:G1000)
A7: Grip & Electric | B7: =COUNTA('Grip & Electric'!B2:B1000) | C7: =SUM('Grip & Electric'!G2:G1000)
A8: Locations | B8: =COUNTA(Locations!B2:B1000) | C8: =SUM(Locations!G2:G1000)
A9: Stunts & Safety | B9: =COUNTA('Stunts & Safety'!B2:B1000) | C9: =SUM('Stunts & Safety'!G2:G1000)
A10: VFX | B10: =COUNTA(VFX!B2:B1000) | C10: =SUM(VFX!G2:G1000)
A11: Cast & Extras | B11: =COUNTA('Cast & Extras'!B2:B1000) | C11: =SUM('Cast & Extras'!G2:G1000)
A12: Transportation | B12: =COUNTA(Transportation!B2:B1000) | C12: =SUM(Transportation!G2:G1000)
A13: Catering | B13: =COUNTA(Catering!B2:B1000) | C13: =SUM(Catering!G2:G1000)
A14: Sound | B14: =COUNTA(Sound!B2:B1000) | C14: =SUM(Sound!G2:G1000)
A15: Miscellaneous | B15: =COUNTA(Miscellaneous!B2:B1000) | C15: =SUM(Miscellaneous!G2:G1000)
A16: GRAND TOTAL | C16: =SUM(C3:C15)

Sheet Props
A1: Scene Number | B1: Item Name | C1: Description | D1: Quantity | E1: Unit Type | F1: Unit Price | G1: Total Cost | H1: Vendor | I1: Vendor URL | J1: Script Page | K1: Script Quote | L1: Notes | M1: Confidence
A2: 3 | B2: Rotary phone | C2: Period-appropriate rotary phone for hotel bar counter. | D2: 1 | E2: Rental-Day | G2: =D2*F2 | J2: 3 | K2: a rotary phone on the counter | M2: High
A3: 5 | B3: Prop pistol (licensed armourer) | C3: Prop firearm for assassin car chase sequence. | D3: 1 | E3: Rental-Day | G3: =D3*F3 | J3: 5 | K3: the assassin leans from the sedan window and FIRES a pistol | L3: Licensed armourer legally required on set | M3: High

Sheet Wardrobe
A1: Scene Number | B1: Item Name | C1: Description | D1: Quantity | E1: Unit Type | F1: Unit Price | G1: Total Cost | H1: Vendor | I1: Vendor URL | J1: Script Page | K1: Script Quote | L1: Notes | M1: Confidence
A2: 1 | B2: Period costumes (1947) | C2: 1940s wardrobe for all principal cast and extras. | D2: 1 | E2: Rental-Week | G2: =D2*F2 | J2: 2 | K2: It is 1947. The streets glisten with the remnants of a downpour. | L2: Applies to all scenes | M2: Medium

Sheet Art Dept
A1: Scene Number | B1: Item Name | C1: Description | D1: Quantity | E1: Unit Type | F1: Unit Price | G1: Total Cost | H1: Vendor | I1: Vendor URL | J1: Script Page | K1: Script Quote | L1: Notes | M1: Confidence
A2: 6 | B2: Artificial snow / ice materials | C2: Artificial snow effect for alley climax. | D2: 1 | E2: Purchase | G2: =D2*F2 | J2: 6 | K2: Snow begins to fall -- thick, artificial-looking flakes that dust the alley | L2: Flag Locations for weather day | M2: High
A3: 1 | B3: Period set dressing (1947) | C3: 1940s era set dressing for all locations. | D3: 1 | E3: Rental-Week | G3: =D3*F3 | J3: 2 | K3: It is 1947. The streets glisten with the remnants of a downpour. | M3: Medium

Sheet Camera
A1: Scene Number | B1: Item Name | C1: Description | D1: Quantity | E1: Unit Type | F1: Unit Price | G1: Total Cost | H1: Vendor | I1: Vendor URL | J1: Script Page | K1: Script Quote | L1: Notes | M1: Confidence
A2: 4 | B2: Drone unit + FAA-licensed operator | C2: Aerial drone shot over rooftop. | D2: 1 | E2: Rental-Day | G2: =D2*F2 | J2: 4 | K2: A DRONE SHOT sweeps over the rooftop revealing the full scale | L2: Separate line from main camera package | M2: High

Sheet Grip & Electric
A1: Scene Number | B1: Item Name | C1: Description | D1: Quantity | E1: Unit Type | F1: Unit Price | G1: Total Cost | H1: Vendor | I1: Vendor URL | J1: Script Page | K1: Script Quote | L1: Notes | M1: Confidence
A2: 1 | B2: Fog machine + fluid | C2: Practical fog effect for night plaza scene. | D2: 2 | E2: Rental-Day | G2: =D2*F2 | J2: 2 | K2: A thick mist hangs low over the cobblestones of CITY PLAZA | L2: Check if VFX if supernatural | M2: High
A3: 1 | B3: Rain tower / rain bar kit | C3: Practical rain rig for wet street effect. | D3: 1 | E3: Rental-Day | G3: =D3*F3 | J3: 2 | K3: The streets glisten with the remnants of a downpour | L3: Coordinate with Locations re: drainage | M3: High
A4: 2 | B4: Night lighting package | C4: Additional lighting cost for night exterior scenes. | D4: 1 | E4: Rental-Day | G4: =D4*F4 | J4: 2 | K4: EXT. CITY PLAZA - NIGHT | L4: Applies to all NIGHT scenes | M4: High
A5: 3 | B5: LED volume / projection rig | C5: LED wall for in-camera city skyline projection. | D5: 1 | E5: Rental-Week | G5: =D5*F5 | J5: 3 | K5: a massive LED WALL cycles through a projected city skyline | L5: High-cost item - flag for producer review | M5: High

Sheet Locations
A1: Scene Number | B1: Item Name | C1: Description | D1: Quantity | E1: Unit Type | F1: Unit Price | G1: Total Cost | H1: Vendor | I1: Vendor URL | J1: Script Page | K1: Script Quote | L1: Notes | M1: Confidence
A2: 1 | B2: Location permit + fees (City Plaza) | C2: Permit for exterior public plaza filming. | D2: 1 | E2: Rental-Day | G2: =D2*F2 | J2: 2 | K2: EXT. CITY PLAZA - NIGHT | L2: Every exterior public location needs permit | M2: High

Sheet Stunts & Safety
A1: Scene Number | B1: Item Name | C1: Description | D1: Quantity | E1: Unit Type | F1: Unit Price | G1: Total Cost | H1: Vendor | I1: Vendor URL | J1: Script Page | K1: Script Quote | L1: Notes | M1: Confidence
A2: 4 | B2: Stunt coordinator + performer (fall) | C2: Three-story stunt fall off hotel rooftop. | D2: 1 | E2: Rental-Day | G2: =D2*F2 | J2: 4 | K2: himself off the edge -- a three-story free fall, arms spread | M2: High
A3: 5 | B3: Stunt driver + coordinator | C3: Stunt driver for car chase sequence. | D3: 2 | E3: Rental-Day | G3: =D3*F3 | J3: 5 | K3: A BLACK SEDAN tears around the corner fishtailing on the wet cobblestones | M3: High
A4: 5 | B4: On-set safety officer (armourer) | C4: Licensed armourer for prop firearm. | D4: 1 | E4: Rental-Day | G4: =D4*F4 | J4: 5 | K4: the assassin leans from the sedan window and FIRES a pistol | M4: High
A5: 6 | B5: Practical explosion + safety coordinator | C5: Controlled explosion for wall demolition sequence. | D5: 1 | E5: Rental-Day | G5: =D5*F5 | J5: 6 | K5: an EXPLOSION tears through the wall behind the assassin | L5: May also need VFX line item | M5: High

Sheet VFX
A1: Scene Number | B1: Item Name | C1: Description | D1: Quantity | E1: Unit Type | F1: Unit Price | G1: Total Cost | H1: Vendor | I1: Vendor URL | J1: Script Page | K1: Script Quote | L1: Notes | M1: Confidence
A2: 3 | B2: VFX supervision (LED wall) | C2: VFX supervisor for LED wall plate integration. | D2: 1 | E2: Rental-Week | G2: =D2*F2 | J2: 3 | K2: a massive LED WALL cycles through a projected city skyline | M2: High

Sheet Cast & Extras
A1: Scene Number | B1: Item Name | C1: Description | D1: Quantity | E1: Unit Type | F1: Unit Price | G1: Total Cost | H1: Vendor | I1: Vendor URL | J1: Script Page | K1: Script Quote | L1: Notes | M1: Confidence
A2: 1 | B2: Background extras | C2: Large crowd for City Plaza scene. | D2: 200 | E2: Rental-Day | G2: =D2*F2 | J2: 2 | K2: Hundreds more fill the plaza behind them barely visible through the fog | L2: Quantity flagged Low confidence | M2: Medium

Sheet Transportation
A1: Scene Number | B1: Item Name | C1: Description | D1: Quantity | E1: Unit Type | F1: Unit Price | G1: Total Cost | H1: Vendor | I1: Vendor URL | J1: Script Page | K1: Script Quote | L1: Notes | M1: Confidence
A2: 5 | B2: Picture vehicles (sedan + cruiser) | C2: Two period picture vehicles for car chase. | D2: 2 | E2: Rental-Day | G2: =D2*F2 | J2: 5 | K2: A BLACK SEDAN tears around the corner fishtailing on the wet cobblestones | M2: High

Sheet Catering
A1: Scene Number | B1: Item Name | C1: Description | D1: Quantity | E1: Unit Type | F1: Unit Price | G1: Total Cost | H1: Vendor | I1: Vendor URL | J1: Script Page | K1: Script Quote | L1: Notes | M1: Confidence
A2: 3 | B2: On-set catering | C2: Catering for cast and crew. | D2: 1 | E2: Rental-Day | G2: =D2*F2 | J2: 3 | K2: catering trays are stacked near the service door | M2: Medium

Sheet Sound
A1: Scene Number | B1: Item Name | C1: Description | D1: Quantity | E1: Unit Type | F1: Unit Price | G1: Total Cost | H1: Vendor | I1: Vendor URL | J1: Script Page | K1: Script Quote | L1: Notes | M1: Confidence

Sheet Miscellaneous
A1: Scene Number | B1: Item Name | C1: Description | D1: Quantity | E1: Unit Type | F1: Unit Price | G1: Total Cost | H1: Vendor | I1: Vendor URL | J1: Script Page | K1: Script Quote | L1: Notes | M1: Confidence
A2: 1 | B2: Animal + licensed handler (dog) | C2: German Shepherd and licensed wrangler. | D2: 1 | E2: Rental-Day | G2: =D2*F2 | J2: 2 | K2: A GERMAN SHEPHERD trots to Marlowe side, sits, and looks up | L2: Licensed wrangler legally required | M2: High
